Nicolas;1;1;100.0
Nico;4;4;100.0
Nico;9;5;55.55555555555556
MartUman;2;2;100.0
Nico;2;2;100.0
Nico;4;3;75.0
Nico;3;1;33.33333333333333
Nico;4;2;50.0
Nico;1;0;0.0
