Nicolas;1;1;100.0
Nico;4;4;100.0
Nico;9;5;55.55555555555556
MartUman;2;2;100.0
Nico;2;2;100.0
Nico;4;3;75.0
Nico;3;1;33.33333333333333
Nico;4;2;50.0
Nico;1;0;0.0
Mica;3;2;66.66666666666666
Nico;2;2;100.0
MartUman;2;2;100.0
MartUman;0;0;0
MartUman;9;7;77.77777777777779
Nico;1;0;0.0
Marto;8;4;50.0
Nico;5;5;100.0
micalinda;6;4;66.66666666666666
